,Algorithm,AUC
0,['Decision Tree'],['0.5877117965526523']
1,['KNN'],['0.5859104398281437']
2,['XGBoost'],['0.7140270532865873']
3,['Random forest'],['0.7212941352840366']